<?xml version="1.0" encoding="UTF-8"?>
<root>
<header>
<header>지역구분</header>
<header>대상가구수_호_</header>
<header>가구당평균전력사용량_kWh_</header>
<header>가구당평균전기요금_원_</header>
</header>
<Row>
<지역구분>강원도</지역구분>
<대상가구수_호_>"565,082"</대상가구수_호_>
<가구당평균전력사용량_kWh_>273</가구당평균전력사용량_kWh_>
<가구당평균전기요금_원_>"27,177"</가구당평균전기요금_원_>
</Row>
<Row>
<지역구분>경기도</지역구분>
<대상가구수_호_>"2,827,233"</대상가구수_호_>
<가구당평균전력사용량_kWh_>444</가구당평균전력사용량_kWh_>
<가구당평균전기요금_원_>"45,111"</가구당평균전기요금_원_>
</Row>
<Row>
<지역구분>경상남도</지역구분>
<대상가구수_호_>"1,144,913"</대상가구수_호_>
<가구당평균전력사용량_kWh_>289</가구당평균전력사용량_kWh_>
<가구당평균전기요금_원_>"29,043"</가구당평균전기요금_원_>
</Row>
<Row>
<지역구분>경상북도</지역구분>
<대상가구수_호_>"1,131,034"</대상가구수_호_>
<가구당평균전력사용량_kWh_>230</가구당평균전력사용량_kWh_>
<가구당평균전기요금_원_>"22,436"</가구당평균전기요금_원_>
</Row>
<Row>
<지역구분>광주광역시</지역구분>
<대상가구수_호_>"380,425"</대상가구수_호_>
<가구당평균전력사용량_kWh_>391</가구당평균전력사용량_kWh_>
<가구당평균전기요금_원_>"38,020"</가구당평균전기요금_원_>
</Row>
<Row>
<지역구분>대구광역시</지역구분>
<대상가구수_호_>"668,623"</대상가구수_호_>
<가구당평균전력사용량_kWh_>364</가구당평균전력사용량_kWh_>
<가구당평균전기요금_원_>"35,245"</가구당평균전기요금_원_>
</Row>
<Row>
<지역구분>대전광역시</지역구분>
<대상가구수_호_>"425,659"</대상가구수_호_>
<가구당평균전력사용량_kWh_>344</가구당평균전력사용량_kWh_>
<가구당평균전기요금_원_>"32,331"</가구당평균전기요금_원_>
</Row>
<Row>
<지역구분>부산광역시</지역구분>
<대상가구수_호_>"947,300"</대상가구수_호_>
<가구당평균전력사용량_kWh_>366</가구당평균전력사용량_kWh_>
<가구당평균전기요금_원_>"36,274"</가구당평균전기요금_원_>
</Row>
<Row>
<지역구분>서울특별시</지역구분>
<대상가구수_호_>"2,737,725"</대상가구수_호_>
<가구당평균전력사용량_kWh_>361</가구당평균전력사용량_kWh_>
<가구당평균전기요금_원_>"36,569"</가구당평균전기요금_원_>
</Row>
<Row>
<지역구분>세종특별자치시</지역구분>
<대상가구수_호_>"49,394"</대상가구수_호_>
<가구당평균전력사용량_kWh_>580</가구당평균전력사용량_kWh_>
<가구당평균전기요금_원_>"57,091"</가구당평균전기요금_원_>
</Row>
<Row>
<지역구분>울산광역시</지역구분>
<대상가구수_호_>"323,151"</대상가구수_호_>
<가구당평균전력사용량_kWh_>353</가구당평균전력사용량_kWh_>
<가구당평균전기요금_원_>"35,470"</가구당평균전기요금_원_>
</Row>
<Row>
<지역구분>인천광역시</지역구분>
<대상가구수_호_>"734,723"</대상가구수_호_>
<가구당평균전력사용량_kWh_>398</가구당평균전력사용량_kWh_>
<가구당평균전기요금_원_>"40,049"</가구당평균전기요금_원_>
</Row>
<Row>
<지역구분>전라남도</지역구분>
<대상가구수_호_>"726,699"</대상가구수_호_>
<가구당평균전력사용량_kWh_>249</가구당평균전력사용량_kWh_>
<가구당평균전기요금_원_>"25,120"</가구당평균전기요금_원_>
</Row>
<Row>
<지역구분>전라북도</지역구분>
<대상가구수_호_>"634,696"</대상가구수_호_>
<가구당평균전력사용량_kWh_>285</가구당평균전력사용량_kWh_>
<가구당평균전기요금_원_>"28,556"</가구당평균전기요금_원_>
</Row>
<Row>
<지역구분>제주특별자치도</지역구분>
<대상가구수_호_>"258,605"</대상가구수_호_>
<가구당평균전력사용량_kWh_>221</가구당평균전력사용량_kWh_>
<가구당평균전기요금_원_>"22,180"</가구당평균전기요금_원_>
</Row>
<Row>
<지역구분>충청남도</지역구분>
<대상가구수_호_>"742,285"</대상가구수_호_>
<가구당평균전력사용량_kWh_>282</가구당평균전력사용량_kWh_>
<가구당평균전기요금_원_>"27,901"</가구당평균전기요금_원_>
</Row>
<Row>
<지역구분>충청북도</지역구분>
<대상가구수_호_>"584,500"</대상가구수_호_>
<가구당평균전력사용량_kWh_>268</가구당평균전력사용량_kWh_>
<가구당평균전기요금_원_>"26,899"</가구당평균전기요금_원_>
</Row>
</root>
